{
  "anchors": [
    0.84,
    1.22,
    1.66,
    2.34,
    1.31,
    1.75,
    1.88,
    2.59,
    1.47,
    2.09
  ],
  "inputs": {
    "input0": [
      224,
      224,
      3
    ]
  },
  "outputs": {
    "output0": [
      7,
      7,
      65
    ]
  },
  "params_quantity": 1882961,
  "loss": [
    [
      1,
      1.83649
    ],
    [
      2,
      0.64475
    ],
    [
      3,
      0.30754
    ],
    [
      4,
      0.17596
    ],
    [
      5,
      0.12725
    ],
    [
      6,
      0.65374
    ],
    [
      7,
      0.23359
    ],
    [
      8,
      0.1438
    ],
    [
      9,
      0.11006
    ],
    [
      10,
      0.07397
    ],
    [
      11,
      0.05313
    ],
    [
      12,
      0.03648
    ],
    [
      13,
      0.0308
    ],
    [
      14,
      0.02989
    ],
    [
      15,
      0.02776
    ],
    [
      16,
      0.02697
    ],
    [
      17,
      0.02707
    ],
    [
      18,
      0.02581
    ],
    [
      19,
      0.02472
    ],
    [
      20,
      0.02185
    ],
    [
      21,
      0.01851
    ],
    [
      22,
      0.01595
    ],
    [
      23,
      0.01546
    ],
    [
      24,
      0.01589
    ],
    [
      25,
      0.01449
    ],
    [
      26,
      0.01293
    ],
    [
      27,
      0.0126
    ],
    [
      28,
      0.01193
    ],
    [
      29,
      0.011
    ],
    [
      30,
      0.01005
    ],
    [
      31,
      0.00937
    ],
    [
      32,
      0.0085
    ],
    [
      33,
      0.00763
    ],
    [
      34,
      0.00734
    ],
    [
      35,
      0.00714
    ],
    [
      36,
      0.00696
    ],
    [
      37,
      0.00662
    ],
    [
      38,
      0.007
    ],
    [
      39,
      0.00679
    ],
    [
      40,
      0.00669
    ],
    [
      41,
      0.00625
    ],
    [
      42,
      0.00613
    ],
    [
      43,
      0.00582
    ],
    [
      44,
      0.00561
    ],
    [
      45,
      0.00545
    ],
    [
      46,
      0.00557
    ],
    [
      47,
      0.00544
    ],
    [
      48,
      0.00529
    ],
    [
      49,
      0.0045
    ],
    [
      50,
      0.00429
    ],
    [
      51,
      0.00388
    ],
    [
      52,
      0.00355
    ],
    [
      53,
      0.00337
    ],
    [
      54,
      0.0034
    ],
    [
      55,
      0.00329
    ],
    [
      56,
      0.00332
    ],
    [
      57,
      0.00316
    ],
    [
      58,
      0.00297
    ],
    [
      59,
      0.00296
    ],
    [
      60,
      0.00288
    ],
    [
      61,
      0.00262
    ],
    [
      62,
      0.00281
    ],
    [
      63,
      0.00286
    ],
    [
      64,
      0.00257
    ],
    [
      65,
      0.00234
    ],
    [
      66,
      0.0026
    ],
    [
      67,
      0.00251
    ],
    [
      68,
      0.00233
    ],
    [
      69,
      0.00225
    ],
    [
      70,
      0.00209
    ],
    [
      71,
      0.00212
    ],
    [
      72,
      0.00206
    ],
    [
      73,
      0.00212
    ],
    [
      74,
      0.00204
    ],
    [
      75,
      0.00188
    ],
    [
      76,
      0.00211
    ],
    [
      77,
      0.00186
    ],
    [
      78,
      0.00195
    ],
    [
      79,
      0.00193
    ],
    [
      80,
      0.00182
    ],
    [
      81,
      0.00173
    ],
    [
      82,
      0.0019
    ],
    [
      83,
      0.00175
    ],
    [
      84,
      0.00178
    ],
    [
      85,
      0.00169
    ],
    [
      86,
      0.00161
    ],
    [
      87,
      0.00169
    ],
    [
      88,
      0.00158
    ],
    [
      89,
      0.00152
    ],
    [
      90,
      0.00152
    ],
    [
      91,
      0.00142
    ],
    [
      92,
      0.00141
    ],
    [
      93,
      0.00148
    ],
    [
      94,
      0.00144
    ],
    [
      95,
      0.00136
    ],
    [
      96,
      0.00133
    ],
    [
      97,
      0.0015
    ],
    [
      98,
      0.00143
    ],
    [
      99,
      0.00139
    ],
    [
      100,
      0.00134
    ]
  ],
  "acc": [
    [
      1,
      0.17954
    ],
    [
      2,
      0.39864
    ],
    [
      3,
      0.43043
    ],
    [
      4,
      0.41651
    ],
    [
      5,
      0.43002
    ],
    [
      6,
      0.27512
    ],
    [
      7,
      0.23563
    ],
    [
      8,
      0.20545
    ],
    [
      9,
      0.19982
    ],
    [
      10,
      0.21765
    ],
    [
      11,
      0.2131
    ],
    [
      12,
      0.21085
    ],
    [
      13,
      0.21115
    ],
    [
      14,
      0.20912
    ],
    [
      15,
      0.21018
    ],
    [
      16,
      0.21023
    ],
    [
      17,
      0.21076
    ],
    [
      18,
      0.21342
    ],
    [
      19,
      0.21147
    ],
    [
      20,
      0.21225
    ],
    [
      21,
      0.2138
    ],
    [
      22,
      0.21478
    ],
    [
      23,
      0.21593
    ],
    [
      24,
      0.21638
    ],
    [
      25,
      0.21752
    ],
    [
      26,
      0.21974
    ],
    [
      27,
      0.22116
    ],
    [
      28,
      0.22189
    ],
    [
      29,
      0.22458
    ],
    [
      30,
      0.22381
    ],
    [
      31,
      0.2257
    ],
    [
      32,
      0.22686
    ],
    [
      33,
      0.22805
    ],
    [
      34,
      0.22841
    ],
    [
      35,
      0.22788
    ],
    [
      36,
      0.22495
    ],
    [
      37,
      0.22666
    ],
    [
      38,
      0.23061
    ],
    [
      39,
      0.22597
    ],
    [
      40,
      0.22936
    ],
    [
      41,
      0.22977
    ],
    [
      42,
      0.22999
    ],
    [
      43,
      0.22984
    ],
    [
      44,
      0.22966
    ],
    [
      45,
      0.2314
    ],
    [
      46,
      0.23036
    ],
    [
      47,
      0.23277
    ],
    [
      48,
      0.23481
    ],
    [
      49,
      0.23318
    ],
    [
      50,
      0.23383
    ],
    [
      51,
      0.23444
    ],
    [
      52,
      0.2314
    ],
    [
      53,
      0.2293
    ],
    [
      54,
      0.23008
    ],
    [
      55,
      0.23161
    ],
    [
      56,
      0.23351
    ],
    [
      57,
      0.23199
    ],
    [
      58,
      0.23383
    ],
    [
      59,
      0.23334
    ],
    [
      60,
      0.23174
    ],
    [
      61,
      0.2318
    ],
    [
      62,
      0.23178
    ],
    [
      63,
      0.23155
    ],
    [
      64,
      0.23098
    ],
    [
      65,
      0.23215
    ],
    [
      66,
      0.23213
    ],
    [
      67,
      0.23204
    ],
    [
      68,
      0.23104
    ],
    [
      69,
      0.23138
    ],
    [
      70,
      0.23236
    ],
    [
      71,
      0.23184
    ],
    [
      72,
      0.23137
    ],
    [
      73,
      0.23118
    ],
    [
      74,
      0.23023
    ],
    [
      75,
      0.23006
    ],
    [
      76,
      0.22959
    ],
    [
      77,
      0.23
    ],
    [
      78,
      0.22905
    ],
    [
      79,
      0.23
    ],
    [
      80,
      0.22911
    ],
    [
      81,
      0.2296
    ],
    [
      82,
      0.23011
    ],
    [
      83,
      0.2294
    ],
    [
      84,
      0.23145
    ],
    [
      85,
      0.23063
    ],
    [
      86,
      0.23
    ],
    [
      87,
      0.23153
    ],
    [
      88,
      0.23109
    ],
    [
      89,
      0.2297
    ],
    [
      90,
      0.23035
    ],
    [
      91,
      0.23111
    ],
    [
      92,
      0.2301
    ],
    [
      93,
      0.23036
    ],
    [
      94,
      0.23065
    ],
    [
      95,
      0.23035
    ],
    [
      96,
      0.23138
    ],
    [
      97,
      0.23022
    ],
    [
      98,
      0.23091
    ],
    [
      99,
      0.23176
    ],
    [
      100,
      0.23066
    ]
  ],